{"main":"american-flights-api-2.raml","name":"American Flights API 2","organizationId":"d0df20bc-def3-4359-b565-efc184e127fa","groupId":"d0df20bc-def3-4359-b565-efc184e127fa","assetId":"american-flights-api-2","version":"1.0.2","metadata":{"branchId":"master","commitId":"eafea723536aec18a2eb0987ea0945bda537e2f3","projectId":"4a7b9520-3db4-4c83-b40a-77c14f6c88ef"},"apiVersion":"v1","classifier":"raml","dependencies":[{"assetId":"training-american-flight-data-type","groupId":"68ef9520-24e9-4cf2-b2f5-620025690913","version":"1.0.1"},{"assetId":"training-american-flights-example","groupId":"68ef9520-24e9-4cf2-b2f5-620025690913","version":"1.0.1"}],"tags":[],"originalFormatVersion":"1.0"}